chr1	15296897	T	C	0.4
chr1	16067512	C	A	1
chr1	17920413	A	G	0.941176
chr1	82288841	A	G	1
chr1	86179355	A	T	1
chr1	109785294	A	T	0.869565
chr1	114709199	G	A	0.422535
chr1	114713954	T	A	0.060686
chr1	114714048	G	A	0.995551
chr1	115198011	C	A	1
chr1	125179952	A	C	0.805556
chr1	125180490	T	A	0.9375
chr1	143214613	T	A	1
chr1	160816880	A	G	0.535565
chr1	162079132	C	T	0.461538
chr1	162079136	G	T	1
chr1	165884530	G	T	1
chr1	202189408	C	T	1
chr1	204631360	C	A	1
chr1	204631591	A	G	0.595745
chr1	213982887	T	A	1
chr1	213982890	C	A	0.972973
chr1	247635610	G	T	1
chr10	1626915	C	T	0.351351
chr10	12937002	G	A	0.9375
chr10	16829008	A	T	1
chr10	23810108	A	T	1
chr10	23810112	G	A	0.967742
chr10	27100268	T	C	1
chr10	41875440	C	T	0.875
chr10	41875443	A	C	0.6
chr10	41875475	T	G	0.777778
chr10	41875494	A	T	0.944444
chr10	41879408	A	G	0.909091
chr10	41879454	A	T	0.540984
chr10	41889553	A	C	0.526316
chr10	69289560	C	G	0.5
chr10	69289566	G	T	1
chr10	69289575	G	T	1
chr10	75955373	C	A	1
chr10	78981633	A	C	1
chr10	83412579	G	A	1
chr10	87864144	G	C	1
chr10	87893929	A	G	0.995031
chr10	87931154	T	C	0.052425
chr10	87957790	T	C	0.031056
chr10	87961150	T	G	0.756602
chr10	110596573	G	A	0.996178
chr10	110596949	T	C	0.985075
chr10	110602112	A	G	0.993473
chr10	116747388	G	A	1
chr10	123529690	C	T	1
chr10	133688410	C	A	1
chr10	133689420	G	T	0.6
chr10	133689470	T	C	0.8
chr11	3373135	A	C	1
chr11	5687307	T	C	0.393939
chr11	5687798	C	T	0.409174
chr11	9353756	T	C	0.454545
chr11	15860675	A	G	1
chr11	17636126	A	G	0.766667
chr11	32396137	C	A	0.603448
chr11	32428469	A	T	0.0625
chr11	33231253	G	A	1
chr11	73356574	G	A	0.6
chr11	79520754	T	C	1
chr11	79520873	G	A	0.9
chr11	94212749	G	A	1
chr11	118436670	C	T	0.61086
chr11	118471573	A	G	0.03103
chr11	118482540	T	C	0.027137
chr11	118482540	T	G	0.024423
chr11	118488409	A	C	0.08547
chr11	118488446	G	A	0.993797
chr11	118490296	T	C	0.027735
chr11	118491699	T	C	0.992908
chr11	118494583	T	C	0.032731
chr11	118495241	C	T	0.979592
chr11	118499973	T	C	0.039801
chr11	118500990	T	C	0.016822
chr11	118503998	C	A	0.034384
chr11	119273533	C	A	0.576923
chr11	119273692	A	G	0.983333
chr11	119273784	C	G	0.351351
chr11	119274564	A	G	0.637255
chr11	119277863	G	T	0.998279
chr11	119299822	T	C	0.039152
chr11	119304985	T	C	0.818182
chr11	126112681	G	T	1
chr12	4299507	C	T	0.419355
chr12	11650294	A	G	0.991453
chr12	11650496	C	A	0.433333
chr12	11650503	C	A	0.752688
chr12	11650504	A	C	0.387097
chr12	11839234	G	A	0.994845
chr12	11870089	C	G	1
chr12	22658833	A	G	0.458824
chr12	25225092	G	A	0.944444
chr12	25225862	T	C	0.039877
chr12	74653941	C	A	1
chr12	74653953	T	A	1
chr12	74653962	A	G	0.976471
chr12	77778166	C	A	1
chr12	77778170	C	A	1
chr12	77778176	C	T	0.9375
chr12	77778199	T	G	0.470588
chr12	112453429	T	C	0.030211
chr12	112486292	A	C	0.372881
chr12	130277151	A	G	0.994297
chr13	18212021	T	G	0.909091
chr13	18212034	T	C	1
chr13	18212059	C	G	0.8
chr13	18212062	G	C	0.454545
chr13	18212067	G	A	1
chr13	18212081	G	T	1
chr13	18212090	G	C	0.882353
chr13	18212100	A	T	0.4375
chr13	18212141	T	G	0.375
chr13	18212148	T	A	0.428571
chr13	18212154	T	G	0.428571
chr13	18212175	T	C	0.416667
chr13	18212421	C	G	1
chr13	28015358	C	G	1
chr13	28015372	C	T	0.972222
chr13	28015528	C	T	0.028736
chr13	28018409	T	C	0.997308
chr13	28018990	G	A	0.5
chr13	28023050	C	T	0.578947
chr13	28027044	C	T	0.027244
chr13	28027514	T	C	0.483333
chr13	28027857	G	A	0.588235
chr13	28028119	C	T	0.495132
chr13	28028467	T	C	0.535354
chr13	28028650	C	T	0.972222
chr13	28033380	T	C	0.604167
chr13	28033412	C	T	0.447761
chr13	28033573	G	C	0.454054
chr13	28034322	T	C	0.50761
chr13	28036218	T	A	0.528571
chr13	28036704	G	T	0.453333
chr13	28036787	G	C	0.533333
chr13	28037012	A	G	0.453061
chr13	28037272	T	C	0.015446
chr13	28037493	T	C	0.51
chr13	28037573	A	G	0.45977
chr13	28037601	G	A	0.481481
chr13	28048219	G	A	0.99619
chr13	28048279	A	G	0.024076
chr13	28048320	C	T	0.498258
chr13	28049043	A	T	0.954545
chr13	28049321	T	C	0.024781
chr13	32645985	G	T	0.9
chr13	32645993	G	T	0.9
chr13	75192341	A	G	0.4
chr13	75192365	G	A	0.423077
chr14	33544602	C	A	0.56
chr14	34347037	A	G	0.866667
chr14	99546430	G	C	0.3
chr14	104302812	G	A	0.473301
chr14	104302886	C	T	0.46
chr14	104303305	G	A	0.466667
chr14_GL000225v1_random	50853	T	G	0.842105
chr14_GL000225v1_random	50891	G	T	0.961538
chr14_GL000225v1_random	50952	C	A	0.928571
chr14_GL000225v1_random	50953	C	T	1
chr14_GL000225v1_random	67498	T	A	1
chr14_GL000225v1_random	67590	G	T	0.692308
chr14_GL000225v1_random	67593	C	A	0.692308
chr14_GL000225v1_random	67604	G	T	0.9
chr14_GL000225v1_random	74780	T	G	0.961538
chr14_GL000225v1_random	111583	C	G	0.7
chr14_GL000225v1_random	131760	C	T	0.9
chr14_GL000225v1_random	131765	G	C	0.9
chr15	20926294	G	T	0.962264
chr15	20926862	T	C	0.833333
chr15	21497544	A	G	1
chr15	21934824	A	G	1
chr15	39021201	C	G	1
chr15	49222870	C	G	0.291667
chr15	52880495	G	C	0.375
chr15	66435259	G	C	1
chr15	73040010	G	C	0.684211
chr15	90088015	G	A	1
chr15	99304519	C	G	0.545455
chr16	7184262	T	G	0.52381
chr16	22981474	C	T	0.54
chr16	22981481	T	G	0.52
chr16	22981784	G	C	0.942177
chr16	34576513	A	T	0.818182
chr16	34576514	A	T	0.818182
chr16	34582265	C	A	0.923077
chr16	34582298	T	C	0.866667
chr16	34583494	G	A	1
chr16	34583496	T	C	0.8
chr16	34583503	T	G	1
chr16	34583530	A	C	1
chr16	34595485	A	G	0.625
chr16	46386156	A	T	1
chr16	46386193	A	T	1
chr16	46386363	A	C	0.933333
chr16	46386654	C	A	0.9
chr16	46387763	C	T	0.923077
chr16	46387844	C	A	0.5
chr16	46387886	A	C	0.392857
chr16	46388036	T	A	0.428571
chr16	46388263	T	G	0.894737
chr16	46388605	T	G	0.733333
chr16	46388972	A	G	0.75
chr16	46389729	G	A	0.72
chr16	46389873	C	T	0.736842
chr16	46389974	C	G	0.526316
chr16	46390033	A	C	0.25
chr16	46390044	A	G	0.666667
chr16	46390074	A	T	0.742857
chr16	46390374	A	T	0.363636
chr16	46390468	A	C	0.642857
chr16	46390523	C	T	0.5625
chr16	46390590	A	G	0.636364
chr16	46390591	A	T	0.969697
chr16	46390616	G	A	0.71875
chr16	46390625	T	G	0.542857
chr16	46390691	A	G	0.128205
chr16	46390708	T	A	0.78125
chr16	46390790	C	G	0.916667
chr16	46390811	T	C	0.52381
chr16	46390831	A	G	0.789474
chr16	46390867	C	T	0.5
chr16	46391173	C	G	0.928571
chr16	46391174	A	C	1
chr16	46394582	G	C	1
chr16	46394731	A	C	0.833333
chr16	46394853	A	G	0.833333
chr16	46394930	G	A	1
chr16	46394940	G	T	1
chr16	46395143	A	G	0.916667
chr16	46395211	C	G	0.8
chr16	46395223	A	T	1
chr16	46395224	C	G	0.642857
chr16	46395249	C	T	0.785714
chr16	46398714	T	A	0.894737
chr16	46398726	A	G	0.95
chr16	46398864	A	G	0.5
chr16	46398964	G	C	0.933333
chr16	46399335	C	A	0.916667
chr16	46399426	C	T	0.727273
chr16	46399618	G	C	1
chr16	46399781	G	C	1
chr16	46400081	T	A	0.454545
chr16	46400111	G	A	0.857143
chr16	46400308	T	G	1
chr16	46400408	C	A	1
chr16	46400442	T	A	0.75
chr16	46400450	T	A	0.714286
chr16	46400481	T	C	0.823529
chr16	46400573	A	G	0.85
chr16	46400604	G	A	1
chr16	46400720	G	A	0.923077
chr16	46400809	T	C	1
chr16	46400842	T	C	0.714286
chr16	46400897	A	C	1
chr16	46400942	A	G	0.764706
chr16	46401079	A	G	1
chr16	46401095	A	T	1
chr16	49080736	G	T	0.538462
chr16	54002922	T	C	0.75
chr16	54677621	G	A	0.5
chr16	60741483	A	C	0.555556
chr16	77983137	C	A	0.993056
chr16	77983148	C	T	0.997602
chr16	77983154	C	T	1
chr16	77983180	A	G	0.981651
chr16	85253736	C	T	0.7
chr16	88594111	T	G	0.857143
chr16	88649934	G	A	0.5
chr17	2019848	A	G	1
chr17	5824507	A	C	1
chr17	7672958	T	A	0.653846
chr17	7674089	A	C	0.994783
chr17	7674109	G	A	0.994709
chr17	7674797	T	C	1
chr17	7675327	C	T	1
chr17	7675519	A	G	1
chr17	17059679	T	A	1
chr17	17133429	T	G	0.285714
chr17	18130926	G	T	0.909091
chr17	21973006	T	C	0.615385
chr17	21973061	T	C	0.645161
chr17	26619491	A	G	0.9
chr17	26619497	C	A	1
chr17	26619654	C	A	0.933333
chr17	31095103	A	C	0.3
chr17	31095843	A	T	0.928571
chr17	31159134	G	A	1
chr17	31169801	C	T	1
chr17	31181255	A	G	0.027851
chr17	31181757	G	A	0.991643
chr17	31182773	C	T	0.990291
chr17	31199724	T	C	0.928571
chr17	31200723	T	C	0.035813
chr17	31214043	T	C	0.989691
chr17	31214419	T	C	0.984252
chr17	31219157	T	C	0.990196
chr17	31224955	A	G	0.023282
chr17	31231275	T	G	1
chr17	31259162	T	C	0.039548
chr17	31259477	A	G	0.6
chr17	31260323	G	C	0.359259
chr17	31260554	G	A	0.061538
chr17	31326275	T	C	0.997191
chr17	31326352	T	C	0.025714
chr17	31326352	T	G	0.027143
chr17	31327858	T	A	0.993216
chr17	31327956	G	A	0.997525
chr17	31334322	G	T	0.978261
chr17	31336154	A	C	0.997439
chr17	31336606	T	A	0.66434
chr17	31336607	T	A	0.875237
chr17	31337414	A	G	0.010468
chr17	31338328	T	C	0.019152
chr17	31342962	A	G	0.033635
chr17	31343172	C	G	0.996364
chr17	31348860	T	G	0.985075
chr17	31348953	T	A	0.979167
chr17	31352228	G	A	0.995338
chr17	31356648	T	C	0.035132
chr17	31356648	T	G	0.028858
chr17	31357419	T	C	0.028075
chr17	31357535	C	T	0.993289
chr17	31359099	G	A	0.016393
chr17	44323614	G	T	1
chr17	44323615	A	C	1
chr17	73723093	G	T	0.37037
chr17	76736425	A	G	0.998374
chr17	76737017	G	A	0.989257
chr17	76737321	G	A	0.47861
chr17	79425340	T	C	0.533333
chr17	79980903	C	A	1
chr17	80337482	G	A	0.728571
chr17	80337499	G	C	0.910714
chr17	82503752	A	G	0.933333
chr17	82503792	C	T	0.565217
chr17	82504029	G	A	0.416667
chr17	82504059	C	T	0.573248
chr17	82504323	T	C	0.565217
chr17	82886709	A	C	0.6
chr17_GL000205v2_random	77349	C	A	1
chr17_GL000205v2_random	77412	C	A	0.827586
chr17_KI270729v1_random	1104	A	T	0.678571
chr17_KI270729v1_random	1113	C	A	0.5625
chr17_KI270729v1_random	1127	C	G	0.692308
chr17_KI270729v1_random	1129	T	G	0.615385
chr17_KI270729v1_random	22551	T	G	0.647059
chr17_KI270729v1_random	24680	C	G	0.456522
chr17_KI270729v1_random	24775	T	G	0.763158
chr17_KI270729v1_random	27774	G	T	0.846154
chr17_KI270729v1_random	27775	A	G	0.814815
chr17_KI270729v1_random	27781	T	G	0.821429
chr18	108058	G	C	0.571429
chr18	108059	G	A	0.642857
chr18	108075	C	A	0.642857
chr18	108090	A	T	0.795455
chr18	108101	T	C	1
chr18	108116	T	G	0.622222
chr18	108128	C	A	0.681818
chr18	108131	T	C	0.511628
chr18	108165	G	T	0.609756
chr18	108309	T	A	0.913043
chr18	108329	A	G	1
chr18	108344	G	C	1
chr18	108505	G	A	0.413793
chr18	108749	G	A	1
chr18	108773	A	T	0.928571
chr18	13192054	G	A	0.671429
chr18	13192071	A	C	1
chr18	14156599	C	T	0.590909
chr18	14157060	A	C	0.8
chr18	14157066	A	G	0.866667
chr18	44952641	G	A	0.416667
chr18	52204752	G	A	1
chr18	52204754	G	T	1
chr18	52204758	G	T	1
chr18	53377991	G	A	1
chr18	53378044	T	C	1
chr18	53378056	G	T	1
chr18	53378060	C	A	1
chr18	53378065	G	T	1
chr18	74176559	C	G	1
chr18	74176651	A	C	1
chr18	76793148	T	C	0.541667
chr18	76793192	G	T	1
chr19	7153155	C	G	1
chr19	12943967	G	T	0.997226
chr19	14289028	G	A	0.7
chr19	17832474	A	G	0.051095
chr19	17836737	A	G	0.526316
chr19	39069167	A	C	0.548624
chr19	44794671	A	G	0.547619
chr19	55655513	T	G	1
chr19	55659385	C	T	0.994424
chr19	55659405	G	A	0.994604
chr19	55660412	A	C	0.99537
chr19	55663783	G	A	0.962963
chr19	55663879	C	A	1
chr19	55668915	T	C	1
chr19	55668941	C	T	0.995169
chr19	55669366	T	C	0.995049
chr19	55669602	C	T	0.992037
chr1_KI270709v1_random	7325	A	G	0.647059
chr2	4192564	C	A	1
chr2	4192576	T	A	1
chr2	4192585	A	G	0.935065
chr2	9945593	G	A	0.483649
chr2	9945657	G	A	0.524655
chr2	16001313	A	G	0.919192
chr2	16001319	G	T	0.989796
chr2	16001328	G	T	1
chr2	25234839	T	A	0.8
chr2	25235677	C	T	0.990291
chr2	25240569	A	G	0.027338
chr2	25240614	G	A	0.502146
chr2	25241002	C	T	1
chr2	25241751	C	A	0.070707
chr2	25244019	G	T	1
chr2	25247044	C	T	0.990431
chr2	25247559	A	G	0.04
chr2	25249915	C	T	1
chr2	25299926	G	A	0.448276
chr2	25300327	T	C	0.445545
chr2	25313840	C	T	0.030675
chr2	32916241	T	G	0.644578
chr2	39555610	T	A	0.333333
chr2	39555655	G	C	0.384615
chr2	43000517	A	G	0.534884
chr2	46801157	C	A	0.958333
chr2	46801164	C	A	1
chr2	46801168	T	G	1
chr2	48444539	G	A	0.7
chr2	56999684	G	C	0.333333
chr2	61492578	T	C	0.036541
chr2	89833284	T	G	1
chr2	89833286	T	A	0.823529
chr2	89836533	T	G	0.9375
chr2	89836555	A	T	0.727273
chr2	89836558	C	G	0.727273
chr2	89836561	G	A	0.818182
chr2	136115514	G	A	0.492883
chr2	136115979	A	T	0.511628
chr2	136118204	T	G	0.423077
chr2	144262949	T	G	0.970588
chr2	144263009	G	T	1
chr2	144263013	G	T	1
chr2	170827478	G	T	0.98913
chr2	196926222	G	C	1
chr2	197400626	T	C	0.998062
chr2	197401283	A	G	0.033873
chr2	197402219	C	T	0.989899
chr2	208249265	C	T	1
chr2	238485627	T	C	0.333333
chr2	239261298	C	A	1
chr20	4265674	T	C	1
chr20	4265728	T	C	1
chr20	4265786	G	A	0.928571
chr20	10964860	G	A	1
chr20	10964871	T	C	1
chr20	19785488	T	C	0.944444
chr20	22664505	C	T	1
chr20	25362596	G	A	0.95
chr20	25362598	G	T	0.975
chr20	25362602	G	T	0.975
chr20	25362612	G	T	0.972222
chr20	29327685	G	C	0.7
chr20	29327722	C	G	0.8
chr20	29327738	G	A	1
chr20	32366523	T	C	0.036508
chr20	32367174	C	T	1
chr20	32368305	G	A	1
chr20	32428645	G	T	0.284091
chr20	32430021	C	T	0.484342
chr20	32431221	C	T	0.993151
chr20	43910833	C	G	1
chr20	52679623	T	C	0.487805
chr20	52679801	T	A	0.522124
chr20	52680009	G	A	0.4
chr20	52680013	G	A	0.409091
chr20	58910556	T	C	0.566667
chr21	14001629	C	T	0.916667
chr21	14001635	G	A	0.916667
chr21	25622697	G	T	1
chr21	34792108	G	T	0.513477
chr21	34792313	T	G	0.09216
chr21	34792744	T	C	1
chr21	34799986	G	T	0.6
chr21	34821574	T	C	0.978261
chr21	34833845	C	G	0.363636
chr21	34834635	G	A	0.992636
chr21	34834696	T	C	0.041543
chr21	34858862	A	C	0.5
chr21	34858878	C	T	0.4
chr21	34859859	C	A	0.547619
chr21	34860185	T	C	0.363636
chr21	34880298	G	A	0.577982
chr21	34880325	T	C	0.543103
chr21	34880510	T	C	0.024561
chr21	34880897	T	A	0.508197
chr21	34886841	A	T	0.039672
chr21	34887242	T	G	0.641026
chr21	35048681	A	T	0.480769
chr21	35048739	T	C	0.504587
chr21	35048819	T	C	0.533541
chr21	35049034	T	C	0.6
chr21	42186887	T	C	0.571429
chr21	43262766	C	G	0.6
chr21	45156086	A	G	1
chr21	45156122	T	C	0.842105
chr22	18730588	C	T	0.9
chr22	29254469	C	T	1
chr22	31596167	C	A	0.916667
chr22	31596176	C	A	0.916667
chr22	31596182	G	C	0.5
chr22	33163522	T	A	0.997297
chr3	34918377	A	G	1
chr3	49041995	A	G	0.9375
chr3	56358097	A	T	1
chr3	58003191	G	A	0.894737
chr3	58003192	G	T	0.947368
chr3	87535302	C	G	1
chr3	87535307	C	A	1
chr3	87535313	A	T	1
chr3	93470371	G	A	0.566667
chr3	93470398	G	C	0.382114
chr3	93470405	A	T	0.381295
chr3	93470424	A	T	0.618497
chr3	93470428	A	G	0.25
chr3	93470433	A	T	0.845304
chr3	93470434	T	A	0.149171
chr3	93470437	T	G	0.933333
chr3	93470446	G	A	0.981818
chr3	93470478	T	C	0.04947
chr3	93470497	A	C	0.045455
chr3	93470523	G	A	0.943061
chr3	93470530	G	T	0.151408
chr3	93470540	G	T	0.206667
chr3	93470549	A	T	0.176471
chr3	93470563	C	G	0.063758
chr3	93470568	G	A	0.040404
chr3	93470569	T	A	0.938567
chr3	93470578	C	T	0.10596
chr3	93470628	A	C	0.910891
chr3	93470632	T	C	0.973684
chr3	93470641	T	G	0.087087
chr3	93470642	G	A	0.183486
chr3	93470646	G	A	0.965625
chr3	93470648	T	C	0.055046
chr3	93470653	A	T	0.04
chr3	93470665	G	T	0.085294
chr3	93470675	A	T	0.069069
chr3	93470686	A	G	0.065015
chr3	93470689	C	G	0.944984
chr3	93470693	A	G	0.029032
chr3	93470713	T	A	0.064935
chr3	93470744	A	G	0.179039
chr3	93470771	C	G	0.39375
chr3	93470778	T	A	0.458333
chr3	105720113	T	G	0.993789
chr3	105720182	G	A	0.992775
chr3	105720298	T	C	0.027536
chr3	105720467	T	A	0.898876
chr3	105734190	A	G	0.973214
chr3	105853823	T	C	0.026995
chr3	120768341	C	A	0.5
chr3	128481616	T	C	0.428571
chr3	128482170	A	C	0.52
chr3	128484163	G	T	0.387097
chr3	128484192	A	G	0.48
chr3	128487017	G	C	0.502752
chr3	157160437	C	T	0.466667
chr3	162177131	G	T	1
chr3	172638909	T	C	1
chr3	184139937	C	A	1
chr3	184139946	C	A	1
chr3	184139952	G	C	0.411765
chr4	3920781	A	G	1
chr4	3920785	C	A	1
chr4	7864021	C	A	0.791667
chr4	16160186	G	T	1
chr4	24570308	T	C	0.8
chr4	24570997	C	G	0.466667
chr4	27548514	G	T	0.4
chr4	49097246	A	C	0.722222
chr4	49108289	A	T	0.84
chr4	49108303	A	C	0.708333
chr4	49108306	C	G	0.772727
chr4	49108312	C	G	0.652174
chr4	49108313	G	C	0.652174
chr4	49108385	A	T	0.5
chr4	49110664	C	T	0.785714
chr4	49121061	T	A	1
chr4	49139720	T	C	0.539326
chr4	49147457	T	C	0.8
chr4	49149392	A	T	0.612613
chr4	49149459	C	G	0.498361
chr4	49149532	C	T	0.526316
chr4	49149709	G	C	0.772727
chr4	49149718	A	T	0.772727
chr4	49149762	C	A	0.773585
chr4	49149816	G	A	0.870968
chr4	49154530	T	C	0.657895
chr4	49657604	G	A	0.730769
chr4	49657617	A	G	0.846154
chr4	49657647	T	A	0.9
chr4	49657652	T	A	0.789474
chr4	49657654	G	T	0.526316
chr4	49657655	G	T	0.65
chr4	49657662	G	A	0.8
chr4	49709464	G	A	0.623656
chr4	49709685	G	T	1
chr4	49709798	A	T	0.928571
chr4	49709819	G	C	0.818182
chr4	49711606	T	C	1
chr4	49711698	C	T	0.92
chr4	49711699	A	T	0.384615
chr4	49711728	A	C	0.9375
chr4	49711811	T	A	0.909091
chr4	49711815	A	T	0.818182
chr4	54274888	A	G	1
chr4	54278253	A	G	0.944828
chr4	54278280	T	C	0.981132
chr4	54657771	G	A	0.45
chr4	54657834	C	G	0.485714
chr4	54658137	T	C	0.465347
chr4	54658366	C	G	0.432836
chr4	54658566	G	T	0.647059
chr4	54695807	T	C	0.02907
chr4	54727185	A	G	0.037147
chr4	54733270	T	C	0.996094
chr4	56893734	G	T	0.4
chr4	62666535	A	C	0.8
chr4	70998296	A	G	0.990654
chr4	70998362	A	G	0.990291
chr4	81635414	T	C	0.846154
chr4	82416858	C	A	1
chr4	105235006	G	A	0.463627
chr4	105241765	A	G	0.325
chr4	105243127	T	G	0.42268
chr4	105259107	T	C	0.545455
chr4	105262317	T	C	0.45614
chr4	105269069	C	T	0.5
chr4	105272177	T	C	0.5
chr4	105274935	C	T	0.403509
chr4	105275794	A	G	0.510204
chr4	105276584	T	C	0.033875
chr4	135123519	C	A	1
chr4	135123526	T	A	1
chr4	152328169	A	G	0.023158
chr4	152352767	A	G	0.02091
chr4	152352768	T	C	0.021223
chr4	168741979	T	C	0.40625
chr4	168742013	T	G	0.435897
chr4	168742224	G	A	0.520408
chr4	168742464	T	G	0.457692
chr4	170997737	C	A	1
chr4	170997756	T	C	1
chr4	189233895	G	T	0.857143
chr4	189234031	G	T	1
chr4	190179582	T	C	0.880952
chr4	190179602	A	T	0.85
chr4_GL000008v2_random	5156	T	C	0.368421
chr4_GL000008v2_random	5165	A	G	0.421053
chr4_GL000008v2_random	5210	A	G	0.714286
chr4_GL000008v2_random	5225	T	A	1
chr5	1539897	A	G	0.478261
chr5	1539915	G	A	0.5
chr5	1540049	C	T	0.571429
chr5	1540067	A	G	0.257143
chr5	1540075	G	A	0.27027
chr5	1540125	A	G	0.459459
chr5	1540167	A	G	0.916667
chr5	1540169	C	T	0.666667
chr5	3584702	A	G	0.909091
chr5	3584703	G	T	0.909091
chr5	7372622	T	C	1
chr5	9930097	T	C	0.4
chr5	9930113	T	C	1
chr5	31669480	C	A	1
chr5	49601530	A	T	0.717391
chr5	49601562	C	A	0.377049
chr5	49601573	A	G	0.621212
chr5	49601592	A	G	0.653846
chr5	49601601	A	T	0.648649
chr5	49601858	A	G	0.7
chr5	49601888	A	G	0.888889
chr5	49601936	C	T	0.714286
chr5	49602009	C	A	0.703704
chr5	49602021	A	T	0.717391
chr5	49602070	A	T	0.426471
chr5	49602076	C	T	0.830769
chr5	49602111	A	T	0.958333
chr5	49602118	A	G	0.4
chr5	49602127	T	G	0.85
chr5	49602134	A	G	0.75
chr5	49602162	C	G	1
chr5	49602333	A	G	0.884615
chr5	49602678	C	G	0.909091
chr5	49602903	C	G	0.777778
chr5	49658402	G	C	0.78481
chr5	49658404	A	G	0.4625
chr5	49658442	G	C	0.884058
chr5	49658475	A	C	0.833333
chr5	49658489	G	A	0.933333
chr5	49658497	C	A	0.666667
chr5	49658498	T	G	0.6
chr5	49658533	G	T	0.809524
chr5	49658566	A	T	0.9375
chr5	49658576	T	C	0.785714
chr5	49658577	T	C	0.964286
chr5	49658592	T	C	0.730769
chr5	49658600	C	T	0.833333
chr5	49658622	G	C	0.772727
chr5	49658623	A	C	0.909091
chr5	49658699	G	T	0.311688
chr5	49658722	A	C	0.921875
chr5	49658729	T	G	0.625
chr5	49658733	A	G	0.892857
chr5	49658936	G	C	1
chr5	49659257	C	A	0.636364
chr5	49659258	A	C	0.8
chr5	49659265	G	A	0.8
chr5	49659283	T	C	1
chr5	49659284	T	C	0.785714
chr5	49659539	T	A	0.709091
chr5	49659563	G	C	0.740741
chr5	49659796	A	T	0.916667
chr5	49659811	C	T	0.75
chr5	49659818	C	G	0.782609
chr5	49659825	A	G	0.888889
chr5	49659826	T	G	0.857143
chr5	49659893	C	A	0.798561
chr5	49659901	G	A	0.918699
chr5	49659916	T	C	0.489583
chr5	49659920	T	C	0.892473
chr5	49659925	A	T	0.494505
chr5	49659933	C	A	0.808219
chr5	49659939	T	C	0.705882
chr5	49659944	A	C	0.692308
chr5	49660144	A	C	0.857143
chr5	49660309	A	C	0.8
chr5	49661000	C	T	0.833333
chr5	49661122	A	C	0.882353
chr5	49661419	G	A	0.85
chr5	49661440	T	G	0.825
chr5	49661452	A	C	0.958333
chr5	49661483	T	G	0.890625
chr5	49661518	G	T	0.862745
chr5	49661520	T	G	0.960784
chr5	49661551	A	T	0.973684
chr5	49661561	T	C	0.884615
chr5	49661562	T	C	1
chr5	49661577	T	C	0.904762
chr5	49661585	C	T	0.875
chr5	49661608	A	C	0.85
chr5	49661661	G	T	0.75
chr5	49661662	G	C	0.6875
chr5	49661697	A	C	0.75
chr5	49661716	G	T	0.733333
chr5	49661726	A	T	0.928571
chr5	49661727	A	C	0.857143
chr5	49661744	T	A	0.62963
chr5	49661790	T	G	0.829268
chr5	49661820	C	T	0.83871
chr5	49661840	C	T	0.722222
chr5	49666190	A	C	0.76
chr5	49666191	T	C	0.76
chr5	49666466	C	T	0.681818
chr5	49666481	T	G	0.571429
chr5	49666599	G	C	0.857143
chr5	82626877	T	C	0.953488
chr5	82626886	A	T	0.976744
chr5	106239104	T	G	0.55
chr5	111279068	T	C	0.592593
chr5	112893012	G	C	1
chr5	116442036	T	C	0.454545
chr5	126221106	C	T	1
chr5	137297649	G	A	0.990476
chr5	138325745	T	C	0.515464
chr5	138328991	A	G	0.96875
chr5	138329634	G	A	0.547244
chr5	138329773	C	G	0.469027
chr5	138331823	T	C	0.426316
chr5	150444222	G	A	0.435644
chr5	150446447	A	G	0.388889
chr5	150446503	T	A	0.5
chr5	150446963	C	T	0.460829
chr5	150447931	C	T	0.468085
chr5	150449305	A	G	0.454545
chr5	150449748	G	A	0.495146
chr5	171410896	A	G	0.261682
chr5	171410958	A	T	0.487179
chr5	177511680	C	T	0.9875
chr5	177512050	T	C	0.995074
chr5	177512275	G	A	0.025478
chr5	177512687	C	T	0.992933
chr5	177512734	A	G	0.992593
chr5	177513870	G	C	0.997807
chr6	4029422	C	T	0.846154
chr6	4361621	C	T	1
chr6	4361657	G	A	1
chr6	4361717	G	A	1
chr6	7278331	G	C	1
chr6	42307295	T	A	0.833333
chr6	42307310	C	A	0.945946
chr6	44229004	G	A	0.5
chr6	44232588	A	C	0.405797
chr6	44233216	A	G	0.5
chr6	49918234	C	A	1
chr6	49918238	C	A	1
chr6	49918240	C	T	1
chr6	63457419	C	A	0.928571
chr6	63457428	C	A	0.933333
chr6	63457434	G	C	0.6
chr6	116936058	G	T	1
chr6	131951564	C	G	1
chr6	150697551	A	G	1
chr6	152376571	C	T	0.995294
chr6	161622416	C	A	1
chr6	162467912	T	A	0.8125
chr7	30380382	A	C	1
chr7	34309204	G	T	0.446809
chr7	34309211	G	T	1
chr7	50307500	A	C	0.022989
chr7	50327808	T	C	0.030888
chr7	50367919	A	T	0.496063
chr7	50368079	T	G	0.539906
chr7	50368335	A	G	0.993186
chr7	50369130	T	A	0.48913
chr7	50369250	A	G	0.472727
chr7	50376327	C	T	0.431373
chr7	50376500	A	G	0.035826
chr7	50376836	T	C	0.033557
chr7	50382076	C	T	0.411765
chr7	50382748	C	T	0.474085
chr7	50386954	T	G	0.45
chr7	50387037	C	T	0.466667
chr7	50387038	A	G	0.47191
chr7	50387107	A	G	0.504673
chr7	50387776	A	G	0.44898
chr7	50395260	A	G	0.466667
chr7	50395390	T	C	0.578125
chr7	50400081	C	T	0.019492
chr7	73890004	C	T	0.878788
chr7	101815881	T	C	0.982759
chr7	101816161	G	C	0.068323
chr7	102028441	C	T	1
chr7	102070287	T	C	0.998145
chr7	102070310	T	C	0.99859
chr7	102097326	T	G	0.418605
chr7	102097330	C	A	0.402299
chr7	102097713	C	T	0.478261
chr7	102097779	C	G	0.47561
chr7	102104295	A	G	0.462171
chr7	102104766	A	G	0.469388
chr7	102104796	G	T	0.4
chr7	102104896	A	G	0.428571
chr7	102111585	T	C	0.40625
chr7	102115050	C	G	0.361111
chr7	102115304	G	A	0.476404
chr7	102170336	A	G	0.029851
chr7	102170804	G	A	0.508197
chr7	102200028	C	T	0.030405
chr7	102200029	G	C	0.035144
chr7	102234293	T	C	0.044563
chr7	102248261	C	T	0.023429
chr7	102248602	G	A	0.019818
chr7	102248841	G	A	0.556196
chr7	102249048	C	T	0.993827
chr7	102249172	G	A	0.491979
chr7	102273067	A	G	0.7
chr7	102273376	G	A	0.48046
chr7	102273527	A	C	0.526316
chr7	102274047	C	T	0.375
chr7	102274376	G	A	0.520971
chr7	102274501	G	A	0.492754
chr7	102275652	G	A	0.4
chr7	102280201	T	C	0.989362
chr7	102280220	T	C	0.048964
chr7	102280246	T	C	1
chr7	102282046	G	A	0.521739
chr7	102282183	A	G	0.419355
chr7	102282404	A	T	0.611111
chr7	102282416	C	A	0.55
chr7	102282936	C	T	0.536842
chr7	102471940	T	G	1
chr7	102471950	A	T	0.993631
chr7	113460681	T	G	1
chr7	113460691	C	G	0.75
chr7	132251209	C	T	1
chr7	132954791	C	A	0.995935
chr7	132954795	C	A	0.991935
chr7	132954800	T	A	0.98008
chr7	132954817	G	A	1
chr7	137345010	A	G	0.041379
chr7	137345092	T	C	1
chr7	139405835	T	C	0.036765
chr7	139409693	T	A	0.108911
chr7	140834921	T	C	0.033722
chr7	148808161	G	A	0.552632
chr7	148808163	A	G	0.552632
chr7	148808210	C	T	1
chr7	148808696	T	C	0.327273
chr7	148808772	G	A	0.450704
chr7	148810492	G	C	0.376238
chr7	148811741	A	G	0.995423
chr7	148827119	A	G	0.020505
chr7	148827660	C	T	0.57377
chr7	148830305	A	G	0.969697
chr7	148833120	T	C	0.5
chr7	148846381	A	G	0.032808
chr7	148846433	A	G	0.536122
chr7	158595253	G	A	1
chr7	158595281	A	G	0.319149
chr8	5634503	G	A	1
chr8	17199503	T	G	0.611111
chr8	17199509	T	G	0.769231
chr8	17199518	T	A	0.484848
chr8	36272468	T	C	1
chr8	79845588	A	T	1
chr8	79845703	C	G	0.65
chr8	79845709	G	T	1
chr8	116847913	T	C	0.45679
chr8	116849277	T	C	0.43617
chr8	116851978	A	G	0.48524
chr8	116856252	A	G	0.014119
chr8	116857957	A	C	0.413333
chr8	116858136	A	G	0.539823
chr8	116858582	T	C	0.024213
chr8	116861790	A	G	0.033465
chr8	116867130	G	C	0.540816
chr8	122916611	A	C	1
chr8	127734765	C	A	0.3
chr8	127737463	C	T	0.857143
chr8	127739059	T	C	0.041237
chr8	143574584	T	C	1
chr8	143574595	G	A	0.986486
chr8	144242877	G	C	0.444444
chr9	5069837	G	A	0.438596
chr9	5070401	A	G	0.491228
chr9	5072182	C	T	0.515152
chr9	5072798	T	C	0.511811
chr9	5073289	G	A	0.431818
chr9	5074189	T	C	0.38
chr9	5076691	C	G	0.363636
chr9	5078117	T	C	0.55814
chr9	5078241	A	G	0.024705
chr9	5081334	C	T	0.350877
chr9	5081780	G	A	0.508701
chr9	5082106	G	T	0.474747
chr9	5082333	A	G	0.555556
chr9	5089637	A	G	0.029793
chr9	5090934	A	T	0.498254
chr9	5122941	A	G	0.033738
chr9	5125732	C	A	0.181818
chr9	5125741	G	A	0.454545
chr9	21968200	C	G	0.48209
chr9	21968533	A	G	0.022117
chr9	21971274	T	C	0.027299
chr9	21975018	C	T	0.517241
chr9	21978980	C	T	0.461538
chr9	21979205	G	A	0.488372
chr9	21981440	A	T	0.02957
chr9	21986848	T	A	0.484848
chr9	21990458	C	T	0.45098
chr9	22000248	T	C	0.511811
chr9	22000842	G	A	0.318182
chr9	33675312	C	G	0.53125
chr9	33675328	T	C	0.34375
chr9	33675631	A	C	0.475248
chr9	33676096	C	G	0.508772
chr9	33676829	G	T	1
chr9	33676835	T	G	1
chr9	74452331	T	C	0.666667
chr9	78437743	C	T	1
chr9	130862707	A	G	0.03964
chr9	130872347	C	T	0.42623
chr9	130872696	A	G	0.560606
chr9	130873116	C	T	0.490196
chr9	130878022	C	G	0.4
chr9	130878625	T	C	0.031835
chr9	130878833	T	C	0.557692
chr9	130878939	G	A	0.235294
chr9	130880367	T	C	0.36
chr9	134182988	A	G	0.857143
chr9	134182992	A	G	0.928571
chr9	134183040	A	G	0.75
chr9	134525459	A	G	0.994681
chr9	134525462	G	T	0.994652
chr9	134525538	A	C	0.989796
chr9	136495945	C	T	0.54023
chr9	136497184	G	A	0.439791
chr9	136502172	A	G	0.414634
chr9	136504618	G	A	1
chr8_KI270816v1_alt	64624	T	C	0.995902
chr8_KI270816v1_alt	64635	G	A	0.995726
chrUn_KI270442v1	92382	C	G	0.944444
chrUn_KI270467v1	2074	A	G	0.5
chrUn_KI270467v1	2121	A	C	0.8
chrUn_KI270467v1	2161	T	A	0.4
chrUn_KI270467v1	2171	T	A	0.636364
chrUn_KI270467v1	2227	G	T	0.933333
chrUn_KI270467v1	2257	C	G	0.928571
chrUn_KI270467v1	2287	C	T	0.4
chrUn_KI270467v1	2338	C	T	0.5
chrUn_KI270467v1	2392	C	T	0.454545
chrUn_KI270467v1	2420	T	A	0.5
chrUn_KI270467v1	2449	T	G	0.4
chrUn_KI270467v1	2502	T	G	0.666667
chrUn_KI270467v1	2544	A	C	0.4375
chrUn_KI270467v1	2558	T	A	0.8125
chrUn_KI270467v1	2565	G	A	0.533333
chrUn_KI270467v1	2567	C	A	0.866667
chrUn_KI270467v1	2591	A	C	0.833333
chrUn_KI270467v1	2928	G	T	1
chrUn_KI270467v1	3364	C	G	0.5
chrUn_KI270438v1	103882	T	C	0.857143
chrUn_KI270438v1	103897	T	A	0.866667
chrUn_KI270438v1	103928	A	G	1
chrUn_KI270438v1	103941	A	G	0.577778
chrUn_KI270438v1	104145	C	T	0.959184
chrUn_KI270438v1	104146	T	C	0.978723
chrUn_KI270438v1	104173	T	G	0.823529
chrUn_KI270438v1	104222	A	C	0.615385
chrUn_KI270438v1	104352	T	C	0.4
chrUn_KI270438v1	104377	T	A	0.4375
chrUn_KI270438v1	104387	C	T	0.96
chrUn_KI270438v1	104448	A	G	1
chrUn_KI270438v1	104487	A	T	1
chrUn_KI270438v1	104494	C	G	0.9
chrUn_KI270438v1	104609	A	G	0.588235
chrUn_KI270438v1	104626	A	G	0.666667
chrUn_KI270438v1	104644	C	A	1
chrUn_KI270438v1	104764	A	G	1
chrUn_KI270438v1	104794	T	G	0.894737
chrUn_KI270438v1	104797	A	T	1
chrUn_KI270438v1	104854	A	G	0.207547
chrUn_KI270438v1	104864	A	G	0.981818
chrUn_KI270438v1	104900	A	T	0.197183
chrUn_KI270438v1	104903	A	G	0.956522
chrUn_KI270438v1	104916	A	G	0.985507
chrUn_KI270438v1	105007	A	T	1
chrUn_KI270438v1	105051	A	C	0.521739
chrUn_KI270438v1	108756	T	A	0.666667
chrUn_KI270438v1	108796	A	T	0.875
chrUn_KI270438v1	109067	A	C	1
chrUn_KI270438v1	109087	T	C	1
chrUn_KI270438v1	109161	G	T	0.954545
chrUn_KI270438v1	109175	G	A	0.814815
chrUn_KI270438v1	109211	T	C	0.380952
chrUn_KI270438v1	109236	T	A	0.396552
chrUn_KI270438v1	109277	G	T	0.353846
chrUn_KI270438v1	109290	A	G	0.242424
chrUn_KI270438v1	109347	C	G	0.983871
chrUn_KI270438v1	109373	C	T	0.38806
chrUn_KI270438v1	109374	C	A	0.941176
chrUn_KI270438v1	109406	C	T	0.961039
chrUn_KI270438v1	109425	G	A	0.741573
chrUn_KI270438v1	109501	G	A	0.936709
chrUn_KI270438v1	109518	C	G	0.976471
chrUn_KI270438v1	109550	A	G	0.925532
chrUn_KI270438v1	109600	C	T	0.149254
chrUn_KI270438v1	109646	G	T	0.461538
chrUn_KI270438v1	109647	C	G	0.475248
chrUn_KI270438v1	109826	T	A	0.197802
chrUn_KI270438v1	109860	A	C	0.366667
chrUn_KI270438v1	109866	T	A	0.191011
chrUn_KI270438v1	109984	A	C	0.450704
chrUn_KI270438v1	110569	C	G	0.966667
chrUn_KI270438v1	110572	C	G	1
chrUn_KI270438v1	110582	A	G	1
chrUn_KI270438v1	110584	A	G	0.434783
chrUn_KI270438v1	110592	A	G	1
chrUn_KI270438v1	110594	G	T	1
chrUn_KI270438v1	111876	T	C	0.875
chrUn_KI270438v1	112040	C	G	1
chrUn_KI270438v1	112093	A	T	0.945946
chrUn_KI270438v1	112131	A	G	0.280702
chrUn_KI270438v1	112168	T	G	0.265306
chrUn_KI270438v1	112192	C	T	0.976744
chrUn_KI270438v1	112278	T	C	0.391304
chrUn_KI270438v1	112285	A	C	1
chrUn_KI270438v1	112303	T	A	0.366667
chrUn_KI270438v1	112344	G	T	0.297297
chrUn_KI270438v1	112448	T	C	0.6
chrUn_KI270337v1	849	G	A	0.913043
chrUn_KI270337v1	893	C	A	0.909091
chrUn_GL000216v2	2062	G	C	0.733333
chrUn_GL000216v2	5766	C	A	0.818182
chrUn_GL000216v2	5774	C	A	0.818182
chrUn_GL000216v2	5792	T	C	1
chrUn_GL000216v2	149490	C	G	0.733333
chrUn_GL000216v2	149497	C	T	0.8
chrUn_GL000216v2	149500	T	C	0.764706
chrUn_GL000216v2	149515	G	A	0.823529
chrUn_GL000216v2	149585	G	A	0.681818
chrUn_GL000216v2	149589	A	G	0.681818
chrUn_GL000216v2	149590	C	G	1
chrUn_GL000216v2	149629	G	A	0.615385
chrUn_GL000216v2	149649	C	T	0.62963
chrUn_GL000216v2	149675	C	T	0.565217
chrUn_GL000216v2	149676	T	C	0.521739
chrUn_GL000216v2	149696	G	A	0.52381
chrUn_GL000216v2	149710	T	A	0.95
chrUn_GL000216v2	149733	T	C	0.714286
chrUn_GL000216v2	149741	C	G	0.666667
chrUn_GL000216v2	149761	G	T	0.818182
chrUn_GL000216v2	149762	A	G	0.818182
chrUn_GL000216v2	149765	T	A	0.727273
chrUn_GL000216v2	158706	G	T	1
chrUn_GL000216v2	158724	A	T	1
chrUn_GL000216v2	158753	T	G	0.916667
chrUn_GL000216v2	160663	G	C	1
chrUn_GL000216v2	160709	A	G	0.846154
chrX	9979009	A	G	0.033873
chrX	15790595	T	C	0.02546
chrX	15790672	T	C	0.990099
chrX	15790897	A	G	0.031944
chrX	15799840	A	G	0.473131
chrX	15800051	T	C	0.030084
chrX	15808678	G	A	0.462963
chrX	15809401	T	G	0.429752
chrX	15818355	T	C	0.408
chrX	15823187	G	C	0.015591
chrX	15823759	C	T	0.5
chrX	31217804	A	G	0.039716
chrX	31217880	C	T	0.477778
chrX	31218054	A	T	0.371681
chrX	31218537	A	G	0.378378
chrX	40052404	C	A	0.516497
chrX	40052754	T	C	0.426966
chrX	40052806	C	T	0.532258
chrX	40052980	G	T	0.588235
chrX	40054934	C	A	0.62963
chrX	40061721	C	T	0.352941
chrX	40062562	T	C	0.548781
chrX	40063041	A	T	0.040278
chrX	40063058	G	T	0.04065
chrX	40063079	C	G	0.036223
chrX	40063091	C	G	0.0399
chrX	40063099	C	G	0.039952
chrX	40063103	C	G	0.046117
chrX	40063106	A	G	0.219512
chrX	40063961	G	T	0.036975
chrX	40064030	T	G	0.237805
chrX	40071545	T	C	0.021676
chrX	40072559	G	A	0.01546
chrX	40074086	A	G	0.99697
chrX	40075291	A	T	0.253731
chrX	40075294	G	T	0.444444
chrX	40075310	C	G	0.551724
chrX	40075313	C	G	0.551724
chrX	40075318	C	G	0.561404
chrX	40077765	C	T	0.026446
chrX	40077956	T	C	0.041968
chrX	44874104	T	C	0.040208
chrX	44974556	A	G	0.032476
chrX	44974596	C	A	0.487549
chrX	45020080	T	C	0.314286
chrX	45020190	T	G	0.493827
chrX	45037602	C	T	0.11512
chrX	45051879	T	C	0.034483
chrX	45058918	A	C	0.267532
chrX	45059198	C	A	0.024119
chrX	45061607	T	A	0.104938
chrX	45062855	T	C	0.028714
chrX	45063961	T	C	0.035484
chrX	45076731	A	T	0.039344
chrX	45076884	T	C	0.024826
chrX	45076884	T	G	0.023833
chrX	45078552	T	C	0.043426
chrX	45078665	G	C	0.267717
chrX	45078668	T	A	0.248
chrX	45078670	T	A	0.190476
chrX	45079041	A	C	0.063415
chrX	45079318	G	A	0.474308
chrX	45089688	A	C	0.027972
chrX	45089688	A	G	0.029138
chrX	45090071	A	T	0.015029
chrX	45107311	A	G	0.025126
chrX	53381188	T	C	0.064286
chrX	53381496	T	C	0.354167
chrX	53383321	T	C	0.035865
chrX	53394717	G	A	0.082232
chrX	53397064	G	T	0.722222
chrX	53403935	T	G	0.033149
chrX	53414911	T	C	0.03792
chrX	53422661	G	A	0.025682
chrX	56989959	C	A	0.894737
chrX	56989972	C	T	1
chrX	56989975	C	T	1
chrX	77522476	T	C	0.032825
chrX	77523468	T	C	0.032407
chrX	77558816	T	A	0.011905
chrX	77593943	A	G	0.026371
chrX	77599925	A	G	0.030997
chrX	77616568	A	G	0.04212
chrX	77675815	T	A	0.345238
chrX	77685409	T	C	0.445946
chrX	101356297	T	C	0.481894
chrX	120747090	G	A	0.488011
chrX	120747125	C	T	0.48368
chrX	120747359	A	C	0.991935
chrX	123379412	T	C	0.9375
chrX	123379420	C	A	0.909091
chrX	124022136	C	T	0.4
chrX	124023252	G	A	0.393939
chrX	124025624	T	C	0.496504
chrX	124031535	G	T	0.835821
chrX	124043109	G	A	0.4
chrX	124046737	G	A	0.446154
chrX	124046931	T	C	0.526316
chrX	124047027	G	C	0.532787
chrX	124047701	G	A	0.54
chrX	124055773	G	C	0.457627
chrX	124057742	A	G	0.043581
chrX	124058072	A	G	0.324427
chrX	124061185	A	C	0.48355
chrX	124061672	A	T	0.032922
chrX	124061768	T	A	0.416292
chrX	124063346	T	C	0.032154
chrX	124063707	T	C	0.512346
chrX	124063898	A	G	0.016062
chrX	124064214	A	G	0.540984
chrX	124068185	A	C	0.49
chrX	124070636	G	T	0.52459
chrX	124078577	G	A	0.521739
chrX	124081199	T	C	0.026048
chrX	124083017	G	A	0.53125
chrX	124083319	A	G	0.044153
chrX	124083419	A	G	0.018065
chrX	124090187	G	T	0.372093
chrX	124093754	T	C	0.52
chrX	124093951	A	G	0.032191
chrX	124094731	C	G	0.444444
chrX	124100741	T	C	0.027304
chrX	124100741	T	G	0.029579
chrX	130013140	A	G	0.014056
chrX	130014438	G	A	0.030876
chrX	130016277	T	C	0.03255
chrX	130022844	A	G	0.033223
chrX	130023033	G	A	0.032967
chrX	130025392	A	C	0.504425
chrX	130028923	A	C	0.34375
chrX	130028930	T	G	0.876712
chrX	130056242	C	T	0.464286
chrX	134377570	A	G	0.028807
chrX	134377958	G	A	0.991667
chrX	134394086	A	C	0.4
chrX	134416696	A	G	0.456522
chrX	139124309	A	G	0.25
chrX	139124509	C	T	0.630952
chrX	141793435	T	C	0.828125
chrX	141793891	A	C	0.550661
chrX	153172199	T	A	0.727273
chrY	10988571	A	T	0.4
chrY	10988577	T	C	1
chrY	10988580	C	T	0.9375
chrY	10988584	C	G	0.9375
chrY	10988585	T	C	1
chrY	10988594	T	A	0.625
chrY	10988595	C	T	1
chrY	10988597	T	C	0.625
chrY	10988602	C	T	1
chrY	10988617	C	A	0.6
chrY	10988626	A	T	1
chrY	10988637	C	T	1
chrY	11312558	A	T	0.692308
chrY	11312560	G	C	0.642857
chrY	11312586	A	G	0.5
chrY	11312590	C	G	0.583333
chrY	11312600	T	C	0.545455
chrY	11312615	G	A	0.583333
chrY	11722012	G	C	0.576923
chrY	11722024	G	A	0.373391
chrY	56864452	A	G	0.666667
chrY	56864508	G	C	0.5
